Product Name,SKU,Cost Price,Sell Price,Stock Quantity,Unit,Category,Supplier,Expiry Date
Faster Wireless Optical Mouse M-300,TECH-FST-M300,850.00,1200.00,40,Piece,Electronics,Faster Pakistan,
Audionic Airbud 550 Wireless Earbuds,TECH-AUD-550,2800.00,3600.00,25,Piece,Electronics,Audionic Acoustics,
Ronin R-770 20W Fast Charger with Type-C,TECH-RON-770,1250.00,1650.00,60,Piece,Mobile Accessories,Ronin Pakistan,
Thermal Receipt Paper Rolls 80mm (Box of 50),POS-ROL-80MM,3200.00,3900.00,15,Box,POS Hardware,Thermal Supplies PK,
Honeywell Orbit Laser Barcode Scanner USB,POS-SCN-HON,8500.00,10500.00,8,Piece,POS Hardware,Thermal Supplies PK,
Cash Drawer 5-Bills Heavy Duty Metal,POS-CSH-DRW,7200.00,9000.00,6,Piece,POS Hardware,Thermal Supplies PK,
Philips LED Bulb 12W Pin Base DayLight,ELEC-PHL-12W,320.00,420.00,150,Piece,Electrical,Philips Pakistan,
Super Asia Heavy Dry Electric Iron,APP-SPA-IRON,2400.00,2950.00,20,Piece,Home Appliances,Super Asia Appliances,
Orient Glass Electric Kettle 1.7L,APP-ORT-KET,2900.00,3600.00,18,Piece,Home Appliances,Orient Electronics,
Stainless Steel Vacuum Flask 1000ml,HOM-FLK-1L,1450.00,1950.00,35,Piece,Kitchenware,Al-Khidmat Houseware,
