SKU,Product Name,Opening Quantity,Cost Price,Expiry Date
MED-PAN-500,Panadol 500mg Tablets (Box of 200),100,520.00,2027-12-31
MED-BRU-400,Brufen 400mg Tablets (Box of 100),75,380.00,2027-08-15
MED-DIS-300,Disprin 300mg Soluble (Box of 100),150,240.00,2028-01-31
BEV-ROOH-800,Rooh Afza 800ml Bottle,200,420.00,2027-06-30
DRY-OLP-1L,Olper's Whole Milk 1 Litre,250,290.00,2026-12-15
BEV-TAP-450,Tapal Danedar Tea 450g,120,680.00,2027-09-30
GRC-NAT-5KG,National Super Kernel Basmati Rice 5kg,50,1850.00,2027-05-31
TECH-FST-M300,Faster Wireless Optical Mouse M-300,50,850.00,
TECH-AUD-550,Audionic Airbud 550 Wireless Earbuds,30,2800.00,
POS-ROL-80MM,Thermal Receipt Paper Rolls 80mm (Box of 50),20,3200.00,
